{
  "version": 1,
  "rules": [
    {
      "condition": {
        "type": "group",
        "definition": {
          "logic": "and",
          "conditions": [
            {
              "type": "group",
              "definition": {
                "logic": "or",
                "conditions": [
                  {
                    "type": "group",
                    "definition": {
                      "logic": "and",
                      "conditions": [
                        {
                          "type": "matcher",
                          "definition": {
                            "key": "~type",
                            "matcher": "eq",
                            "values": [
                              "com.adobe.eventType.target"
                            ]
                          }
                        },
                        {
                          "type": "matcher",
                          "definition": {
                            "key": "~source",
                            "matcher": "eq",
                            "values": [
                              "com.adobe.eventSource.requestContent"
                            ]
                          }
                        },
                        {
                          "type": "matcher",
                          "definition": {
                            "key": "islocationclicked",
                            "matcher": "eq",
                            "values": [
                              true
                            ]
                          }
                        }
                      ]
                    }
                  }
                ]
              }
            }
          ]
        }
      },
      "consequences": [
        {
          "id": "RC236f3b41cac44db883b71ffb990fac93",
          "type": "add",
          "detail": {
            "eventdata": {
              "targetparams": {
                "profileParameters": {
                  "gender": "male"
                }
              }
            }
          }
        }
      ]
    },
    {
      "condition": {
        "type": "group",
        "definition": {
          "logic": "and",
          "conditions": [
            {
              "type": "group",
              "definition": {
                "logic": "or",
                "conditions": [
                  {
                    "type": "group",
                    "definition": {
                      "logic": "and",
                      "conditions": [
                        {
                          "type": "matcher",
                          "definition": {
                            "key": "~type",
                            "matcher": "eq",
                            "values": [
                              "com.adobe.eventType.target"
                            ]
                          }
                        },
                        {
                          "type": "matcher",
                          "definition": {
                            "key": "~source",
                            "matcher": "eq",
                            "values": [
                              "com.adobe.eventSource.requestContent"
                            ]
                          }
                        },
                        {
                          "type": "matcher",
                          "definition": {
                            "key": "prefetch",
                            "matcher": "ex",
                            "values": []
                          }
                        }
                      ]
                    }
                  }
                ]
              }
            }
          ]
        }
      },
      "consequences": [
        {
          "id": "RC0c85b10c8ae84fe29d2ff3283946a04e",
          "type": "add",
          "detail": {
            "eventdata": {
              "prefetch[*]": {
                "targetparams": {
                  "profileParameters": {
                    "gender": "male"
                  }
                }
              }
            }
          }
        }
      ]
    },
    {
      "condition": {
        "type": "group",
        "definition": {
          "logic": "and",
          "conditions": [
            {
              "type": "group",
              "definition": {
                "logic": "or",
                "conditions": [
                  {
                    "type": "group",
                    "definition": {
                      "logic": "and",
                      "conditions": [
                        {
                          "type": "matcher",
                          "definition": {
                            "key": "~type",
                            "matcher": "eq",
                            "values": [
                              "com.adobe.eventType.target"
                            ]
                          }
                        },
                        {
                          "type": "matcher",
                          "definition": {
                            "key": "~source",
                            "matcher": "eq",
                            "values": [
                              "com.adobe.eventSource.requestContent"
                            ]
                          }
                        },
                        {
                          "type": "matcher",
                          "definition": {
                            "key": "request",
                            "matcher": "ex",
                            "values": []
                          }
                        }
                      ]
                    }
                  }
                ]
              }
            }
          ]
        }
      },
      "consequences": [
        {
          "id": "RC495f271d7eca45cd81169cd3eb29546c",
          "type": "add",
          "detail": {
            "eventdata": {
              "request[*]": {
                "newkey": "newvalue",
                "details": {
                  "temp": 58.8,
                  "color": "orange"
                }
              }
            }
          }
        }
      ]
    },
    {
      "condition": {
        "type": "group",
        "definition": {
          "logic": "and",
          "conditions": [
            {
              "type": "group",
              "definition": {
                "logic": "or",
                "conditions": [
                  {
                    "type": "group",
                    "definition": {
                      "logic": "and",
                      "conditions": [
                        {
                          "type": "matcher",
                          "definition": {
                            "key": "~type",
                            "matcher": "eq",
                            "values": [
                              "com.adobe.eventType.target"
                            ]
                          }
                        },
                        {
                          "type": "matcher",
                          "definition": {
                            "key": "~source",
                            "matcher": "eq",
                            "values": [
                              "com.adobe.eventSource.requestContent"
                            ]
                          }
                        },
                        {
                          "type": "matcher",
                          "definition": {
                            "key": "request",
                            "matcher": "ex",
                            "values": []
                          }
                        }
                      ]
                    }
                  }
                ]
              }
            }
          ]
        }
      },
      "consequences": [
        {
          "id": "RC6609b4a2a7024955b8116aef7c4f35ef",
          "type": "add",
          "detail": {
            "eventdata": {
              "request[*]": {
                "targetparams": {
                  "profileParameters": {
                    "gender": "male"
                  }
                }
              }
            }
          }
        }
      ]
    },
    {
      "condition": {
        "type": "group",
        "definition": {
          "logic": "and",
          "conditions": [
            {
              "type": "group",
              "definition": {
                "logic": "or",
                "conditions": [
                  {
                    "type": "group",
                    "definition": {
                      "logic": "and",
                      "conditions": [
                        {
                          "type": "matcher",
                          "definition": {
                            "key": "~type",
                            "matcher": "eq",
                            "values": [
                              "com.adobe.eventType.target"
                            ]
                          }
                        },
                        {
                          "type": "matcher",
                          "definition": {
                            "key": "~source",
                            "matcher": "eq",
                            "values": [
                              "com.adobe.eventSource.requestContent"
                            ]
                          }
                        },
                        {
                          "type": "matcher",
                          "definition": {
                            "key": "islocationdisplayed",
                            "matcher": "eq",
                            "values": [
                              true
                            ]
                          }
                        }
                      ]
                    }
                  }
                ]
              }
            }
          ]
        }
      },
      "consequences": [
        {
          "id": "RC282c4e9106d748c990e27248a33b7a61",
          "type": "add",
          "detail": {
            "eventdata": {
              "targetparams": {
                "profileParameters": {
                  "gender": "male"
                }
              }
            }
          }
        }
      ]
    }
  ]
}
